User,User Category,Medicine Name,Category,Stock,Restock Frequency,Supplier Reliability
User_1,Hospital,Paracetamol,Painkiller,199,27,0.9909729556485982
User_1,Hospital,Ibuprofen,Painkiller,463,12,0.7002336297523043
User_1,Hospital,Aspirin,Painkiller,493,27,0.885244452888315
User_1,Hospital,Naproxen,Painkiller,363,28,0.7021198915659151
User_1,Hospital,Ketoprofen,Painkiller,394,23,0.8574323980775167
User_1,Hospital,Amoxicillin,Antibiotic,219,22,0.7698314021290913
User_1,Hospital,Azithromycin,Antibiotic,495,21,0.8855158027999261
User_1,Hospital,Ciprofloxacin,Antibiotic,413,29,0.9949692657420365
User_1,Hospital,Doxycycline,Antibiotic,180,11,0.8822634555704315
User_1,Hospital,Clindamycin,Antibiotic,70,15,0.7195154778955838
User_1,Hospital,Oseltamivir,Antiviral,437,20,0.9425192044349383
User_1,Hospital,Acyclovir,Antiviral,314,27,0.7692681476866446
User_1,Hospital,Remdesivir,Antiviral,141,21,0.9049790556476375
User_1,Hospital,Favipiravir,Antiviral,477,14,0.7103165563345655
User_1,Hospital,Zanamivir,Antiviral,255,23,0.777633994480005
User_1,Hospital,Metformin,Diabetes,409,10,0.7935133228268233
User_1,Hospital,Insulin,Diabetes,439,28,0.8640130838029838
User_1,Hospital,Glipizide,Diabetes,359,24,0.9325398470083344
User_1,Hospital,Sitagliptin,Diabetes,211,16,0.9684482051282947
User_1,Hospital,Pioglitazone,Diabetes,319,22,0.7979622306417505
User_1,Hospital,Atorvastatin,Cardiovascular,264,14,0.9533601546034454
User_1,Hospital,Simvastatin,Cardiovascular,286,24,0.8619076397167239
User_1,Hospital,Lisinopril,Cardiovascular,329,19,0.7422772674924287
User_1,Hospital,Amlodipine,Cardiovascular,64,19,0.7223651931039312
User_1,Hospital,Losartan,Cardiovascular,376,15,0.9316734307889972
User_1,Hospital,Furosemide,Cardiovascular,185,17,0.7596527212266415
User_1,Hospital,Hydrochlorothiazide,Cardiovascular,441,9,0.9370526621593617
User_1,Hospital,Spironolactone,Cardiovascular,428,11,0.9778902635540048
User_1,Hospital,Warfarin,Cardiovascular,90,13,0.9550115733369398
User_1,Hospital,Clopidogrel,Cardiovascular,317,8,0.7286230349471233
User_1,Hospital,Dexamethasone,Immunosuppressant,456,11,0.9188818535014192
User_1,Hospital,Prednisone,Immunosuppressant,409,28,0.9661638227728979
User_1,Hospital,Hydrocortisone,Immunosuppressant,498,9,0.7358782737814905
User_1,Hospital,Methotrexate,Immunosuppressant,180,7,0.916518856349462
User_1,Hospital,Mycophenolate,Immunosuppressant,304,20,0.8481386789093173
User_1,Hospital,Levothyroxine,Endocrine,442,21,0.8282623055075649
User_1,Hospital,Propylthiouracil,Endocrine,91,19,0.7605157607006188
User_1,Hospital,Methimazole,Endocrine,401,13,0.8426110669546335
User_1,Hospital,Fluoxetine,Psychiatric,145,10,0.9722699421778279
User_1,Hospital,Sertraline,Psychiatric,456,13,0.8231148769106889
User_1,Hospital,Diazepam,Psychiatric,220,10,0.9828560711673944
User_1,Hospital,Lorazepam,Psychiatric,376,25,0.7483663861762013
User_1,Hospital,Alprazolam,Psychiatric,115,16,0.9424361138693251
User_1,Hospital,Haloperidol,Psychiatric,490,27,0.9614381770563153
User_1,Hospital,Risperidone,Psychiatric,77,18,0.7559710176658108
User_1,Hospital,Omeprazole,Gastrointestinal,335,17,0.7973035063015822
User_1,Hospital,Ranitidine,Gastrointestinal,397,13,0.9720485324637262
User_1,Hospital,Pantoprazole,Gastrointestinal,434,26,0.8057706569002507
User_1,Hospital,Esomeprazole,Gastrointestinal,308,13,0.7493967559428825
User_1,Hospital,Lansoprazole,Gastrointestinal,460,15,0.8454489914076949
User_2,Apotics,Paracetamol,Painkiller,274,25,0.7808237001395564
User_2,Apotics,Ibuprofen,Painkiller,201,21,0.7504873126518792
User_2,Apotics,Aspirin,Painkiller,209,15,0.8211508513174122
User_2,Apotics,Naproxen,Painkiller,367,23,0.7761746241803034
User_2,Apotics,Ketoprofen,Painkiller,317,13,0.8491745517677156
User_2,Apotics,Amoxicillin,Antibiotic,162,11,0.7854521483132403
User_2,Apotics,Azithromycin,Antibiotic,130,23,0.9929844867497959
User_2,Apotics,Ciprofloxacin,Antibiotic,269,28,0.7099152198701645
User_2,Apotics,Doxycycline,Antibiotic,273,7,0.8903054034104091
User_2,Apotics,Clindamycin,Antibiotic,175,8,0.8592803749951409
User_2,Apotics,Oseltamivir,Antiviral,267,12,0.7726165814534501
User_2,Apotics,Acyclovir,Antiviral,373,29,0.9284858845986153
User_2,Apotics,Remdesivir,Antiviral,172,23,0.9184649045835579
User_2,Apotics,Favipiravir,Antiviral,329,11,0.8896917491780738
User_2,Apotics,Zanamivir,Antiviral,247,28,0.8607324052224276
User_2,Apotics,Metformin,Diabetes,289,22,0.9505907486767714
User_2,Apotics,Insulin,Diabetes,173,12,0.9087438420372645
User_2,Apotics,Glipizide,Diabetes,308,26,0.7977876715605654
User_2,Apotics,Sitagliptin,Diabetes,469,25,0.9133448597314053
User_2,Apotics,Pioglitazone,Diabetes,196,26,0.8935518371228349
User_2,Apotics,Atorvastatin,Cardiovascular,357,15,0.9072813214307398
User_2,Apotics,Simvastatin,Cardiovascular,177,13,0.9810189966210203
User_2,Apotics,Lisinopril,Cardiovascular,178,17,0.8023199053150776
User_2,Apotics,Amlodipine,Cardiovascular,483,29,0.8624343921482698
User_2,Apotics,Losartan,Cardiovascular,347,9,0.7685650065391899
User_2,Apotics,Furosemide,Cardiovascular,193,22,0.8665602434798387
User_2,Apotics,Hydrochlorothiazide,Cardiovascular,109,23,0.7725556872701355
User_2,Apotics,Spironolactone,Cardiovascular,353,18,0.8674880360821293
User_2,Apotics,Warfarin,Cardiovascular,209,29,0.8017089373146101
User_2,Apotics,Clopidogrel,Cardiovascular,148,25,0.9177867036610718
User_2,Apotics,Dexamethasone,Immunosuppressant,180,26,0.9661259272795352
User_2,Apotics,Prednisone,Immunosuppressant,169,7,0.8926094938462863
User_2,Apotics,Hydrocortisone,Immunosuppressant,124,23,0.7484886142283841
User_2,Apotics,Methotrexate,Immunosuppressant,471,14,0.881928717897877
User_2,Apotics,Mycophenolate,Immunosuppressant,276,22,0.7304414628598096
User_2,Apotics,Levothyroxine,Endocrine,148,24,0.7482424154252496
User_2,Apotics,Propylthiouracil,Endocrine,387,8,0.907568559307808
User_2,Apotics,Methimazole,Endocrine,257,15,0.7527775758032036
User_2,Apotics,Fluoxetine,Psychiatric,117,7,0.8481681145550304
User_2,Apotics,Sertraline,Psychiatric,353,26,0.8099406353748579
User_2,Apotics,Diazepam,Psychiatric,441,13,0.9162819772756388
User_2,Apotics,Lorazepam,Psychiatric,177,7,0.8627620691664698
User_2,Apotics,Alprazolam,Psychiatric,492,25,0.8908997854557685
User_2,Apotics,Haloperidol,Psychiatric,71,20,0.8769612542681632
User_2,Apotics,Risperidone,Psychiatric,279,19,0.8460226458878365
User_2,Apotics,Omeprazole,Gastrointestinal,313,8,0.8050235223084027
User_2,Apotics,Ranitidine,Gastrointestinal,146,21,0.8477553081456591
User_2,Apotics,Pantoprazole,Gastrointestinal,366,22,0.7842317087322567
User_2,Apotics,Esomeprazole,Gastrointestinal,84,23,0.7130811315263301
User_2,Apotics,Lansoprazole,Gastrointestinal,221,20,0.9744593170661345
User_3,Hospital,Paracetamol,Painkiller,148,15,0.985921554107186
User_3,Hospital,Ibuprofen,Painkiller,398,23,0.8658294900506469
User_3,Hospital,Aspirin,Painkiller,144,9,0.9940994751148138
User_3,Hospital,Naproxen,Painkiller,165,27,0.7572733093451037
User_3,Hospital,Ketoprofen,Painkiller,210,9,0.7508478240058277
User_3,Hospital,Amoxicillin,Antibiotic,330,16,0.9808464322482343
User_3,Hospital,Azithromycin,Antibiotic,107,9,0.8710183510268095
User_3,Hospital,Ciprofloxacin,Antibiotic,329,24,0.8845021680097509
User_3,Hospital,Doxycycline,Antibiotic,391,29,0.7420252045709572
User_3,Hospital,Clindamycin,Antibiotic,204,16,0.9632119215783866
User_3,Hospital,Oseltamivir,Antiviral,322,14,0.9091047222985804
User_3,Hospital,Acyclovir,Antiviral,348,28,0.8078473453659265
User_3,Hospital,Remdesivir,Antiviral,219,29,0.8259342569338829
User_3,Hospital,Favipiravir,Antiviral,355,19,0.724478254120072
User_3,Hospital,Zanamivir,Antiviral,440,10,0.9394885536900326
User_3,Hospital,Metformin,Diabetes,370,14,0.910590063177311
User_3,Hospital,Insulin,Diabetes,449,20,0.9670016025452699
User_3,Hospital,Glipizide,Diabetes,192,8,0.7281945819522606
User_3,Hospital,Sitagliptin,Diabetes,264,28,0.7984458002424195
User_3,Hospital,Pioglitazone,Diabetes,235,28,0.8772499781707033
User_3,Hospital,Atorvastatin,Cardiovascular,391,23,0.7112044566247643
User_3,Hospital,Simvastatin,Cardiovascular,375,21,0.8080571924233788
User_3,Hospital,Lisinopril,Cardiovascular,493,11,0.8566729780164413
User_3,Hospital,Amlodipine,Cardiovascular,102,18,0.9895755491172309
User_3,Hospital,Losartan,Cardiovascular,152,10,0.9526069225035945
User_3,Hospital,Furosemide,Cardiovascular,421,21,0.9098536632301581
User_3,Hospital,Hydrochlorothiazide,Cardiovascular,473,26,0.7398236266728909
User_3,Hospital,Spironolactone,Cardiovascular,419,16,0.7968869418823737
User_3,Hospital,Warfarin,Cardiovascular,194,25,0.8316914262116908
User_3,Hospital,Clopidogrel,Cardiovascular,488,11,0.755300102299411
User_3,Hospital,Dexamethasone,Immunosuppressant,367,29,0.8284943424820324
User_3,Hospital,Prednisone,Immunosuppressant,445,27,0.7174580786525331
User_3,Hospital,Hydrocortisone,Immunosuppressant,171,7,0.8327056689193313
User_3,Hospital,Methotrexate,Immunosuppressant,145,28,0.9143787768100187
User_3,Hospital,Mycophenolate,Immunosuppressant,286,27,0.8914811781530051
User_3,Hospital,Levothyroxine,Endocrine,238,13,0.89713339855005
User_3,Hospital,Propylthiouracil,Endocrine,118,28,0.9190117949685456
User_3,Hospital,Methimazole,Endocrine,125,22,0.7475939342927472
User_3,Hospital,Fluoxetine,Psychiatric,135,20,0.7275397197440325
User_3,Hospital,Sertraline,Psychiatric,96,23,0.7934239928173882
User_3,Hospital,Diazepam,Psychiatric,495,26,0.7525990809668015
User_3,Hospital,Lorazepam,Psychiatric,449,22,0.9420738931152338
User_3,Hospital,Alprazolam,Psychiatric,149,7,0.8394021438818834
User_3,Hospital,Haloperidol,Psychiatric,406,29,0.7144176772591101
User_3,Hospital,Risperidone,Psychiatric,295,11,0.9660041161894143
User_3,Hospital,Omeprazole,Gastrointestinal,229,16,0.8877579747142709
User_3,Hospital,Ranitidine,Gastrointestinal,491,7,0.8618132345200187
User_3,Hospital,Pantoprazole,Gastrointestinal,53,22,0.7211706242201289
User_3,Hospital,Esomeprazole,Gastrointestinal,296,8,0.7079533931624865
User_3,Hospital,Lansoprazole,Gastrointestinal,433,26,0.8726422533627637
User_4,Hospital,Paracetamol,Painkiller,227,9,0.892986465532706
User_4,Hospital,Ibuprofen,Painkiller,466,25,0.9461918427231866
User_4,Hospital,Aspirin,Painkiller,317,9,0.9461280531313804
User_4,Hospital,Naproxen,Painkiller,217,16,0.7620053079630236
User_4,Hospital,Ketoprofen,Painkiller,334,19,0.7643767359125122
User_4,Hospital,Amoxicillin,Antibiotic,351,8,0.71168893969307
User_4,Hospital,Azithromycin,Antibiotic,291,9,0.8009662644666179
User_4,Hospital,Ciprofloxacin,Antibiotic,139,14,0.8156189862896694
User_4,Hospital,Doxycycline,Antibiotic,139,8,0.7782083584707709
User_4,Hospital,Clindamycin,Antibiotic,440,10,0.9078671076075818
User_4,Hospital,Oseltamivir,Antiviral,163,19,0.9809944455567121
User_4,Hospital,Acyclovir,Antiviral,425,10,0.8253838095146736
User_4,Hospital,Remdesivir,Antiviral,298,10,0.7532318631339168
User_4,Hospital,Favipiravir,Antiviral,457,9,0.997151542600202
User_4,Hospital,Zanamivir,Antiviral,85,24,0.7750049347648313
User_4,Hospital,Metformin,Diabetes,145,29,0.9792271976810694
User_4,Hospital,Insulin,Diabetes,86,18,0.8286982082125055
User_4,Hospital,Glipizide,Diabetes,62,29,0.9263628622254048
User_4,Hospital,Sitagliptin,Diabetes,410,23,0.8602982420591689
User_4,Hospital,Pioglitazone,Diabetes,133,22,0.816885425865761
User_4,Hospital,Atorvastatin,Cardiovascular,446,25,0.8167605036202489
User_4,Hospital,Simvastatin,Cardiovascular,445,15,0.954142943228677
User_4,Hospital,Lisinopril,Cardiovascular,314,13,0.9870402655379369
User_4,Hospital,Amlodipine,Cardiovascular,272,26,0.8720313664369859
User_4,Hospital,Losartan,Cardiovascular,416,22,0.8345336565934959
User_4,Hospital,Furosemide,Cardiovascular,148,18,0.7985993636109747
User_4,Hospital,Hydrochlorothiazide,Cardiovascular,428,27,0.925712358831304
User_4,Hospital,Spironolactone,Cardiovascular,200,22,0.9368854428383662
User_4,Hospital,Warfarin,Cardiovascular,158,27,0.8483260914107744
User_4,Hospital,Clopidogrel,Cardiovascular,472,20,0.8648586646971206
User_4,Hospital,Dexamethasone,Immunosuppressant,182,9,0.9663112548274899
User_4,Hospital,Prednisone,Immunosuppressant,284,17,0.7351201049282817
User_4,Hospital,Hydrocortisone,Immunosuppressant,125,15,0.9284531895152417
User_4,Hospital,Methotrexate,Immunosuppressant,450,12,0.7252320418344992
User_4,Hospital,Mycophenolate,Immunosuppressant,190,14,0.721828901909258
User_4,Hospital,Levothyroxine,Endocrine,483,8,0.7244046341925698
User_4,Hospital,Propylthiouracil,Endocrine,214,12,0.9959918735503526
User_4,Hospital,Methimazole,Endocrine,414,7,0.9641079905915251
User_4,Hospital,Fluoxetine,Psychiatric,194,13,0.9958003191468613
User_4,Hospital,Sertraline,Psychiatric,181,10,0.8128778756592747
User_4,Hospital,Diazepam,Psychiatric,464,25,0.933144074778231
User_4,Hospital,Lorazepam,Psychiatric,231,13,0.8272666027740929
User_4,Hospital,Alprazolam,Psychiatric,395,25,0.7333592446918453
User_4,Hospital,Haloperidol,Psychiatric,222,19,0.8215606260344251
User_4,Hospital,Risperidone,Psychiatric,175,26,0.7356453748804216
User_4,Hospital,Omeprazole,Gastrointestinal,366,15,0.9232634970829894
User_4,Hospital,Ranitidine,Gastrointestinal,436,19,0.771251941387741
User_4,Hospital,Pantoprazole,Gastrointestinal,240,23,0.7248673965080062
User_4,Hospital,Esomeprazole,Gastrointestinal,466,12,0.8309007494819668
User_4,Hospital,Lansoprazole,Gastrointestinal,107,18,0.9933702006262812
User_5,Hospital,Paracetamol,Painkiller,222,21,0.9673429341094213
User_5,Hospital,Ibuprofen,Painkiller,423,27,0.9978894388357902
User_5,Hospital,Aspirin,Painkiller,278,10,0.8661562853203962
User_5,Hospital,Naproxen,Painkiller,69,24,0.7498646295727759
User_5,Hospital,Ketoprofen,Painkiller,354,20,0.7883481840518289
User_5,Hospital,Amoxicillin,Antibiotic,50,27,0.9090775167591445
User_5,Hospital,Azithromycin,Antibiotic,308,22,0.9211302117529058
User_5,Hospital,Ciprofloxacin,Antibiotic,61,16,0.9851234452229676
User_5,Hospital,Doxycycline,Antibiotic,407,18,0.7320268197807652
User_5,Hospital,Clindamycin,Antibiotic,422,14,0.7509039711686696
User_5,Hospital,Oseltamivir,Antiviral,213,14,0.8060056684078158
User_5,Hospital,Acyclovir,Antiviral,227,11,0.9923184422998499
User_5,Hospital,Remdesivir,Antiviral,241,28,0.7096947853328951
User_5,Hospital,Favipiravir,Antiviral,250,7,0.8233620162616558
User_5,Hospital,Zanamivir,Antiviral,269,22,0.7487850818034674
User_5,Hospital,Metformin,Diabetes,95,9,0.9467611728769507
User_5,Hospital,Insulin,Diabetes,131,25,0.917715852516508
User_5,Hospital,Glipizide,Diabetes,352,8,0.7248245260105918
User_5,Hospital,Sitagliptin,Diabetes,335,24,0.865476361763221
User_5,Hospital,Pioglitazone,Diabetes,54,29,0.8233765349756107
User_5,Hospital,Atorvastatin,Cardiovascular,423,7,0.8441110245599064
User_5,Hospital,Simvastatin,Cardiovascular,288,23,0.8130216909813822
User_5,Hospital,Lisinopril,Cardiovascular,331,28,0.9487492662119543
User_5,Hospital,Amlodipine,Cardiovascular,226,19,0.7190535488770003
User_5,Hospital,Losartan,Cardiovascular,154,9,0.7401556356401899
User_5,Hospital,Furosemide,Cardiovascular,454,22,0.7226077181057387
User_5,Hospital,Hydrochlorothiazide,Cardiovascular,246,11,0.9989910511221716
User_5,Hospital,Spironolactone,Cardiovascular,486,29,0.9306962245541531
User_5,Hospital,Warfarin,Cardiovascular,214,16,0.9548942172032234
User_5,Hospital,Clopidogrel,Cardiovascular,194,27,0.835163240593028
User_5,Hospital,Dexamethasone,Immunosuppressant,415,7,0.9862153081776167
User_5,Hospital,Prednisone,Immunosuppressant,254,10,0.7685928416510388
User_5,Hospital,Hydrocortisone,Immunosuppressant,418,14,0.8854384721373687
User_5,Hospital,Methotrexate,Immunosuppressant,397,14,0.7066554226090904
User_5,Hospital,Mycophenolate,Immunosuppressant,299,8,0.8428632090367042
User_5,Hospital,Levothyroxine,Endocrine,308,24,0.955654450095562
User_5,Hospital,Propylthiouracil,Endocrine,103,18,0.8682813914606159
User_5,Hospital,Methimazole,Endocrine,271,23,0.7402045685351922
User_5,Hospital,Fluoxetine,Psychiatric,352,29,0.9265411767020857
User_5,Hospital,Sertraline,Psychiatric,390,20,0.9112239304297671
User_5,Hospital,Diazepam,Psychiatric,484,13,0.7409114426760309
User_5,Hospital,Lorazepam,Psychiatric,301,8,0.805176267641979
User_5,Hospital,Alprazolam,Psychiatric,147,24,0.8176732135299196
User_5,Hospital,Haloperidol,Psychiatric,396,25,0.9712476083481245
User_5,Hospital,Risperidone,Psychiatric,357,12,0.8352731342248313
User_5,Hospital,Omeprazole,Gastrointestinal,384,29,0.8570806828045033
User_5,Hospital,Ranitidine,Gastrointestinal,130,11,0.9389415327021632
User_5,Hospital,Pantoprazole,Gastrointestinal,187,23,0.8476348879238614
User_5,Hospital,Esomeprazole,Gastrointestinal,389,11,0.9940097725856432
User_5,Hospital,Lansoprazole,Gastrointestinal,102,8,0.7986254830862525
User_6,Apotics,Paracetamol,Painkiller,284,17,0.7720436856334579
User_6,Apotics,Ibuprofen,Painkiller,420,21,0.7386639165731947
User_6,Apotics,Aspirin,Painkiller,232,22,0.7455708080536882
User_6,Apotics,Naproxen,Painkiller,423,22,0.8922624234409644
User_6,Apotics,Ketoprofen,Painkiller,409,10,0.8037001849971589
User_6,Apotics,Amoxicillin,Antibiotic,244,9,0.8545708164592632
User_6,Apotics,Azithromycin,Antibiotic,209,24,0.880580618662288
User_6,Apotics,Ciprofloxacin,Antibiotic,100,25,0.9465371910533348
User_6,Apotics,Doxycycline,Antibiotic,141,16,0.753103145283024
User_6,Apotics,Clindamycin,Antibiotic,454,12,0.7361907613301802
User_6,Apotics,Oseltamivir,Antiviral,282,18,0.7619001155217378
User_6,Apotics,Acyclovir,Antiviral,83,23,0.8510251812564571
User_6,Apotics,Remdesivir,Antiviral,350,15,0.7276871758686237
User_6,Apotics,Favipiravir,Antiviral,96,28,0.7245277095846615
User_6,Apotics,Zanamivir,Antiviral,399,17,0.9762617201595439
User_6,Apotics,Metformin,Diabetes,110,23,0.7830632944441611
User_6,Apotics,Insulin,Diabetes,306,14,0.9244779071150975
User_6,Apotics,Glipizide,Diabetes,302,26,0.762804797001013
User_6,Apotics,Sitagliptin,Diabetes,176,28,0.7708349599352212
User_6,Apotics,Pioglitazone,Diabetes,77,29,0.8593797261920602
User_6,Apotics,Atorvastatin,Cardiovascular,435,19,0.7187024087533724
User_6,Apotics,Simvastatin,Cardiovascular,236,25,0.9140048757653657
User_6,Apotics,Lisinopril,Cardiovascular,160,29,0.8535032326346998
User_6,Apotics,Amlodipine,Cardiovascular,288,19,0.960164494322417
User_6,Apotics,Losartan,Cardiovascular,343,9,0.8191491497512247
User_6,Apotics,Furosemide,Cardiovascular,241,29,0.8131852489313868
User_6,Apotics,Hydrochlorothiazide,Cardiovascular,251,13,0.7966237496749534
User_6,Apotics,Spironolactone,Cardiovascular,280,28,0.7982492056533743
User_6,Apotics,Warfarin,Cardiovascular,349,23,0.802878059283478
User_6,Apotics,Clopidogrel,Cardiovascular,74,10,0.8065312909837914
User_6,Apotics,Dexamethasone,Immunosuppressant,282,19,0.843874630526275
User_6,Apotics,Prednisone,Immunosuppressant,277,21,0.9210467426184739
User_6,Apotics,Hydrocortisone,Immunosuppressant,160,14,0.8759606303982277
User_6,Apotics,Methotrexate,Immunosuppressant,285,25,0.8136317877853868
User_6,Apotics,Mycophenolate,Immunosuppressant,150,12,0.9698942191435037
User_6,Apotics,Levothyroxine,Endocrine,369,8,0.7733059466393963
User_6,Apotics,Propylthiouracil,Endocrine,364,19,0.7991045443842741
User_6,Apotics,Methimazole,Endocrine,426,7,0.7022603089402224
User_6,Apotics,Fluoxetine,Psychiatric,326,12,0.8096070459022173
User_6,Apotics,Sertraline,Psychiatric,161,10,0.9552452553508439
User_6,Apotics,Diazepam,Psychiatric,495,29,0.9526942105894545
User_6,Apotics,Lorazepam,Psychiatric,436,25,0.7054727444285083
User_6,Apotics,Alprazolam,Psychiatric,278,10,0.9991766604305183
User_6,Apotics,Haloperidol,Psychiatric,55,8,0.872799525341698
User_6,Apotics,Risperidone,Psychiatric,124,10,0.7015900019192816
User_6,Apotics,Omeprazole,Gastrointestinal,167,23,0.8472246337776353
User_6,Apotics,Ranitidine,Gastrointestinal,484,8,0.8670288679041789
User_6,Apotics,Pantoprazole,Gastrointestinal,441,25,0.9515747676107874
User_6,Apotics,Esomeprazole,Gastrointestinal,182,12,0.9903982199512702
User_6,Apotics,Lansoprazole,Gastrointestinal,373,25,0.7598520782014959
User_7,Hospital,Paracetamol,Painkiller,69,23,0.858952006954335
User_7,Hospital,Ibuprofen,Painkiller,50,20,0.7865891659720767
User_7,Hospital,Aspirin,Painkiller,342,17,0.9796043026770802
User_7,Hospital,Naproxen,Painkiller,382,17,0.8781649292673697
User_7,Hospital,Ketoprofen,Painkiller,439,24,0.8362803916657299
User_7,Hospital,Amoxicillin,Antibiotic,310,29,0.8646765939666932
User_7,Hospital,Azithromycin,Antibiotic,435,19,0.90537146436395
User_7,Hospital,Ciprofloxacin,Antibiotic,133,7,0.7416474320326061
User_7,Hospital,Doxycycline,Antibiotic,378,23,0.7350088192425044
User_7,Hospital,Clindamycin,Antibiotic,448,12,0.8235522742441805
User_7,Hospital,Oseltamivir,Antiviral,143,23,0.9552182380049363
User_7,Hospital,Acyclovir,Antiviral,493,18,0.822555487880775
User_7,Hospital,Remdesivir,Antiviral,422,17,0.9815021370463113
User_7,Hospital,Favipiravir,Antiviral,125,9,0.7199488802100332
User_7,Hospital,Zanamivir,Antiviral,345,28,0.7144283931892262
User_7,Hospital,Metformin,Diabetes,398,14,0.9483822661532476
User_7,Hospital,Insulin,Diabetes,278,20,0.9398611392758547
User_7,Hospital,Glipizide,Diabetes,340,27,0.7559214960364432
User_7,Hospital,Sitagliptin,Diabetes,388,20,0.8569196274307358
User_7,Hospital,Pioglitazone,Diabetes,181,19,0.876492002738517
User_7,Hospital,Atorvastatin,Cardiovascular,451,14,0.8355845803897117
User_7,Hospital,Simvastatin,Cardiovascular,153,20,0.9699002335876519
User_7,Hospital,Lisinopril,Cardiovascular,174,12,0.86193431857439
User_7,Hospital,Amlodipine,Cardiovascular,112,21,0.8732458812718377
User_7,Hospital,Losartan,Cardiovascular,194,7,0.8174446330604506
User_7,Hospital,Furosemide,Cardiovascular,499,20,0.7199857337172451
User_7,Hospital,Hydrochlorothiazide,Cardiovascular,153,25,0.8628547931840227
User_7,Hospital,Spironolactone,Cardiovascular,247,12,0.7998447357737453
User_7,Hospital,Warfarin,Cardiovascular,228,14,0.9081152822210015
User_7,Hospital,Clopidogrel,Cardiovascular,64,21,0.886021826778554
User_7,Hospital,Dexamethasone,Immunosuppressant,280,10,0.999307784777153
User_7,Hospital,Prednisone,Immunosuppressant,490,7,0.9120941383730377
User_7,Hospital,Hydrocortisone,Immunosuppressant,460,29,0.7429383956645409
User_7,Hospital,Methotrexate,Immunosuppressant,245,28,0.9142192246670843
User_7,Hospital,Mycophenolate,Immunosuppressant,54,16,0.8026245246147722
User_7,Hospital,Levothyroxine,Endocrine,343,19,0.7331895210865621
User_7,Hospital,Propylthiouracil,Endocrine,277,19,0.7382465986995946
User_7,Hospital,Methimazole,Endocrine,233,21,0.9391886097338661
User_7,Hospital,Fluoxetine,Psychiatric,310,21,0.822686553125648
User_7,Hospital,Sertraline,Psychiatric,222,8,0.7036609216954133
User_7,Hospital,Diazepam,Psychiatric,164,25,0.8696525041968921
User_7,Hospital,Lorazepam,Psychiatric,331,17,0.879708809433198
User_7,Hospital,Alprazolam,Psychiatric,197,17,0.9877224383692083
User_7,Hospital,Haloperidol,Psychiatric,409,12,0.768205294908996
User_7,Hospital,Risperidone,Psychiatric,72,21,0.7863788849427178
User_7,Hospital,Omeprazole,Gastrointestinal,412,18,0.9735557226528895
User_7,Hospital,Ranitidine,Gastrointestinal,153,24,0.8834362706303943
User_7,Hospital,Pantoprazole,Gastrointestinal,160,14,0.9616371726832454
User_7,Hospital,Esomeprazole,Gastrointestinal,405,22,0.9089952471630677
User_7,Hospital,Lansoprazole,Gastrointestinal,425,11,0.9121715902940195
User_8,Hospital,Paracetamol,Painkiller,155,23,0.872886508050044
User_8,Hospital,Ibuprofen,Painkiller,427,15,0.8272392013907157
User_8,Hospital,Aspirin,Painkiller,78,20,0.9803101044307044
User_8,Hospital,Naproxen,Painkiller,263,17,0.8352518114212396
User_8,Hospital,Ketoprofen,Painkiller,351,11,0.9954523596887004
User_8,Hospital,Amoxicillin,Antibiotic,159,10,0.73739880436098
User_8,Hospital,Azithromycin,Antibiotic,362,7,0.9609689086186385
User_8,Hospital,Ciprofloxacin,Antibiotic,104,25,0.8773826307234788
User_8,Hospital,Doxycycline,Antibiotic,198,21,0.7164284916466094
User_8,Hospital,Clindamycin,Antibiotic,186,16,0.9408560345794035
User_8,Hospital,Oseltamivir,Antiviral,166,15,0.7342801900167063
User_8,Hospital,Acyclovir,Antiviral,293,17,0.9768880695395454
User_8,Hospital,Remdesivir,Antiviral,440,24,0.844251093426722
User_8,Hospital,Favipiravir,Antiviral,396,23,0.8761204672409701
User_8,Hospital,Zanamivir,Antiviral,492,18,0.9738248388637387
User_8,Hospital,Metformin,Diabetes,231,13,0.7496539952283922
User_8,Hospital,Insulin,Diabetes,393,7,0.8087181697349899
User_8,Hospital,Glipizide,Diabetes,112,17,0.8896792863758591
User_8,Hospital,Sitagliptin,Diabetes,205,24,0.8990612116050132
User_8,Hospital,Pioglitazone,Diabetes,386,26,0.8376966964051039
User_8,Hospital,Atorvastatin,Cardiovascular,197,28,0.9581896053672202
User_8,Hospital,Simvastatin,Cardiovascular,112,14,0.8506585030993727
User_8,Hospital,Lisinopril,Cardiovascular,306,19,0.8191954346372794
User_8,Hospital,Amlodipine,Cardiovascular,484,25,0.8048160997147998
User_8,Hospital,Losartan,Cardiovascular,207,23,0.7109649003544284
User_8,Hospital,Furosemide,Cardiovascular,335,22,0.8694523399787849
User_8,Hospital,Hydrochlorothiazide,Cardiovascular,67,7,0.9326582850085032
User_8,Hospital,Spironolactone,Cardiovascular,224,24,0.857317080798274
User_8,Hospital,Warfarin,Cardiovascular,162,24,0.8491035846463747
User_8,Hospital,Clopidogrel,Cardiovascular,484,10,0.7545784391485812
User_8,Hospital,Dexamethasone,Immunosuppressant,462,29,0.9838346386400898
User_8,Hospital,Prednisone,Immunosuppressant,337,16,0.781223401943066
User_8,Hospital,Hydrocortisone,Immunosuppressant,415,8,0.822620251329429
User_8,Hospital,Methotrexate,Immunosuppressant,136,29,0.7468457792098571
User_8,Hospital,Mycophenolate,Immunosuppressant,227,13,0.8976771825730454
User_8,Hospital,Levothyroxine,Endocrine,370,29,0.7761665692129912
User_8,Hospital,Propylthiouracil,Endocrine,492,14,0.7312325745953722
User_8,Hospital,Methimazole,Endocrine,288,11,0.7535633986163001
User_8,Hospital,Fluoxetine,Psychiatric,146,21,0.916243928893152
User_8,Hospital,Sertraline,Psychiatric,340,20,0.8809592206530938
User_8,Hospital,Diazepam,Psychiatric,351,17,0.9887947955664624
User_8,Hospital,Lorazepam,Psychiatric,214,28,0.7614952886247462
User_8,Hospital,Alprazolam,Psychiatric,272,29,0.9689007455563359
User_8,Hospital,Haloperidol,Psychiatric,56,16,0.7256525592563404
User_8,Hospital,Risperidone,Psychiatric,200,27,0.7079596611621459
User_8,Hospital,Omeprazole,Gastrointestinal,430,25,0.8749124682909076
User_8,Hospital,Ranitidine,Gastrointestinal,237,24,0.9678015133230924
User_8,Hospital,Pantoprazole,Gastrointestinal,352,11,0.8025452055093627
User_8,Hospital,Esomeprazole,Gastrointestinal,283,8,0.8089177636585272
User_8,Hospital,Lansoprazole,Gastrointestinal,168,18,0.949196351969575
User_9,Hospital,Paracetamol,Painkiller,342,12,0.932150356960402
User_9,Hospital,Ibuprofen,Painkiller,442,8,0.9583204059924164
User_9,Hospital,Aspirin,Painkiller,404,26,0.9923641795596609
User_9,Hospital,Naproxen,Painkiller,413,23,0.9605403927693739
User_9,Hospital,Ketoprofen,Painkiller,169,20,0.8413196358081443
User_9,Hospital,Amoxicillin,Antibiotic,273,23,0.8454335101451038
User_9,Hospital,Azithromycin,Antibiotic,258,20,0.9225060832685996
User_9,Hospital,Ciprofloxacin,Antibiotic,499,19,0.8207650130790941
User_9,Hospital,Doxycycline,Antibiotic,250,28,0.8935162503307988
User_9,Hospital,Clindamycin,Antibiotic,53,19,0.9073665572828963
User_9,Hospital,Oseltamivir,Antiviral,342,17,0.9467751627735022
User_9,Hospital,Acyclovir,Antiviral,177,27,0.9445163285207372
User_9,Hospital,Remdesivir,Antiviral,90,12,0.720152619974713
User_9,Hospital,Favipiravir,Antiviral,214,12,0.9489225411121605
User_9,Hospital,Zanamivir,Antiviral,136,27,0.7032987485975442
User_9,Hospital,Metformin,Diabetes,76,12,0.9196553735377186
User_9,Hospital,Insulin,Diabetes,147,18,0.8899294190072342
User_9,Hospital,Glipizide,Diabetes,358,13,0.8719883134538202
User_9,Hospital,Sitagliptin,Diabetes,450,27,0.8149415584748492
User_9,Hospital,Pioglitazone,Diabetes,171,20,0.7140897900325165
User_9,Hospital,Atorvastatin,Cardiovascular,359,17,0.7553112762036889
User_9,Hospital,Simvastatin,Cardiovascular,230,10,0.9312957776606435
User_9,Hospital,Lisinopril,Cardiovascular,78,27,0.9511236972109087
User_9,Hospital,Amlodipine,Cardiovascular,60,10,0.9157137715552737
User_9,Hospital,Losartan,Cardiovascular,344,14,0.8699213920890692
User_9,Hospital,Furosemide,Cardiovascular,147,29,0.8991013496087944
User_9,Hospital,Hydrochlorothiazide,Cardiovascular,295,28,0.9197716291630751
User_9,Hospital,Spironolactone,Cardiovascular,338,10,0.861952833672458
User_9,Hospital,Warfarin,Cardiovascular,276,26,0.7154277440452751
User_9,Hospital,Clopidogrel,Cardiovascular,495,19,0.7464016422649709
User_9,Hospital,Dexamethasone,Immunosuppressant,250,8,0.7319794759401315
User_9,Hospital,Prednisone,Immunosuppressant,250,14,0.918456626861081
User_9,Hospital,Hydrocortisone,Immunosuppressant,266,17,0.8794858174804464
User_9,Hospital,Methotrexate,Immunosuppressant,74,13,0.7227800231108866
User_9,Hospital,Mycophenolate,Immunosuppressant,278,18,0.908408941256328
User_9,Hospital,Levothyroxine,Endocrine,151,8,0.7309281238041234
User_9,Hospital,Propylthiouracil,Endocrine,150,18,0.9422290755450283
User_9,Hospital,Methimazole,Endocrine,354,23,0.9850712061462408
User_9,Hospital,Fluoxetine,Psychiatric,360,23,0.7555398786515859
User_9,Hospital,Sertraline,Psychiatric,367,22,0.9618837507629225
User_9,Hospital,Diazepam,Psychiatric,313,27,0.9277107536616549
User_9,Hospital,Lorazepam,Psychiatric,423,22,0.9547586954695958
User_9,Hospital,Alprazolam,Psychiatric,74,24,0.8468274890929421
User_9,Hospital,Haloperidol,Psychiatric,192,15,0.983217801905984
User_9,Hospital,Risperidone,Psychiatric,96,16,0.8764791270909793
User_9,Hospital,Omeprazole,Gastrointestinal,450,29,0.8667419744311539
User_9,Hospital,Ranitidine,Gastrointestinal,135,13,0.7101837935757396
User_9,Hospital,Pantoprazole,Gastrointestinal,166,13,0.7892047022117652
User_9,Hospital,Esomeprazole,Gastrointestinal,225,14,0.9913174735496103
User_9,Hospital,Lansoprazole,Gastrointestinal,264,24,0.9235193644360661
User_10,Apotics,Paracetamol,Painkiller,421,13,0.8365431055108468
User_10,Apotics,Ibuprofen,Painkiller,492,16,0.8933639951877467
User_10,Apotics,Aspirin,Painkiller,63,9,0.8682031582010542
User_10,Apotics,Naproxen,Painkiller,350,8,0.9654995069569843
User_10,Apotics,Ketoprofen,Painkiller,220,14,0.8323096485244484
User_10,Apotics,Amoxicillin,Antibiotic,413,13,0.7945871013491831
User_10,Apotics,Azithromycin,Antibiotic,53,28,0.795625750879621
User_10,Apotics,Ciprofloxacin,Antibiotic,259,7,0.9657933244708561
User_10,Apotics,Doxycycline,Antibiotic,475,18,0.7698878424260901
User_10,Apotics,Clindamycin,Antibiotic,360,9,0.961029662170279
User_10,Apotics,Oseltamivir,Antiviral,463,29,0.7556418728730168
User_10,Apotics,Acyclovir,Antiviral,323,9,0.7210089117242413
User_10,Apotics,Remdesivir,Antiviral,351,26,0.7158051507931685
User_10,Apotics,Favipiravir,Antiviral,367,27,0.8439343980569514
User_10,Apotics,Zanamivir,Antiviral,321,18,0.9952250407597885
User_10,Apotics,Metformin,Diabetes,315,13,0.8567557574903569
User_10,Apotics,Insulin,Diabetes,114,23,0.7331422339394184
User_10,Apotics,Glipizide,Diabetes,191,24,0.788892436136797
User_10,Apotics,Sitagliptin,Diabetes,495,11,0.7126279568909085
User_10,Apotics,Pioglitazone,Diabetes,242,27,0.9963167169208095
User_10,Apotics,Atorvastatin,Cardiovascular,122,21,0.8152979941479045
User_10,Apotics,Simvastatin,Cardiovascular,393,10,0.7654761663595192
User_10,Apotics,Lisinopril,Cardiovascular,342,11,0.7268233006936778
User_10,Apotics,Amlodipine,Cardiovascular,247,13,0.9637354922686494
User_10,Apotics,Losartan,Cardiovascular,351,17,0.9711171901525811
User_10,Apotics,Furosemide,Cardiovascular,275,13,0.997350587841093
User_10,Apotics,Hydrochlorothiazide,Cardiovascular,108,14,0.9828195322405378
User_10,Apotics,Spironolactone,Cardiovascular,112,28,0.8823210384636577
User_10,Apotics,Warfarin,Cardiovascular,415,16,0.7140836071443438
User_10,Apotics,Clopidogrel,Cardiovascular,362,15,0.7559314786432764
User_10,Apotics,Dexamethasone,Immunosuppressant,308,12,0.9402309061389625
User_10,Apotics,Prednisone,Immunosuppressant,103,21,0.7648972069109661
User_10,Apotics,Hydrocortisone,Immunosuppressant,58,9,0.8791822217291023
User_10,Apotics,Methotrexate,Immunosuppressant,290,16,0.8545743772944178
User_10,Apotics,Mycophenolate,Immunosuppressant,387,23,0.7461687719019565
User_10,Apotics,Levothyroxine,Endocrine,209,9,0.7673321715509982
User_10,Apotics,Propylthiouracil,Endocrine,169,21,0.7104595480701474
User_10,Apotics,Methimazole,Endocrine,117,20,0.9580380449253771
User_10,Apotics,Fluoxetine,Psychiatric,316,15,0.817350929824114
User_10,Apotics,Sertraline,Psychiatric,172,15,0.713312999059971
User_10,Apotics,Diazepam,Psychiatric,275,18,0.7106267105255635
User_10,Apotics,Lorazepam,Psychiatric,89,11,0.9205637963570358
User_10,Apotics,Alprazolam,Psychiatric,275,21,0.7015246419454078
User_10,Apotics,Haloperidol,Psychiatric,300,11,0.7146350745019519
User_10,Apotics,Risperidone,Psychiatric,451,12,0.988636591777615
User_10,Apotics,Omeprazole,Gastrointestinal,225,19,0.9683439792904203
User_10,Apotics,Ranitidine,Gastrointestinal,130,24,0.8485439581041923
User_10,Apotics,Pantoprazole,Gastrointestinal,273,25,0.9474042897775448
User_10,Apotics,Esomeprazole,Gastrointestinal,105,14,0.9034048457677191
User_10,Apotics,Lansoprazole,Gastrointestinal,396,19,0.7801084810508263
User_11,Hospital,Paracetamol,Painkiller,311,25,0.960448241215464
User_11,Hospital,Ibuprofen,Painkiller,141,7,0.7472021979107577
User_11,Hospital,Aspirin,Painkiller,353,15,0.8002026636235713
User_11,Hospital,Naproxen,Painkiller,94,27,0.90404223152809
User_11,Hospital,Ketoprofen,Painkiller,240,12,0.7567664619355017
User_11,Hospital,Amoxicillin,Antibiotic,182,17,0.9883945864554722
User_11,Hospital,Azithromycin,Antibiotic,298,25,0.9637214440684395
User_11,Hospital,Ciprofloxacin,Antibiotic,475,16,0.94598407522243
User_11,Hospital,Doxycycline,Antibiotic,486,13,0.7482279688144924
User_11,Hospital,Clindamycin,Antibiotic,405,8,0.9496402533873226
User_11,Hospital,Oseltamivir,Antiviral,61,13,0.7579398593761879
User_11,Hospital,Acyclovir,Antiviral,62,20,0.7979300729509878
User_11,Hospital,Remdesivir,Antiviral,282,23,0.7347531570340773
User_11,Hospital,Favipiravir,Antiviral,403,19,0.9339536185453431
User_11,Hospital,Zanamivir,Antiviral,375,25,0.9283083707506083
User_11,Hospital,Metformin,Diabetes,123,15,0.9888976011576984
User_11,Hospital,Insulin,Diabetes,368,21,0.9796084316530053
User_11,Hospital,Glipizide,Diabetes,327,10,0.75212604259227
User_11,Hospital,Sitagliptin,Diabetes,291,10,0.7902890700840448
User_11,Hospital,Pioglitazone,Diabetes,66,18,0.7202051804406314
User_11,Hospital,Atorvastatin,Cardiovascular,443,28,0.8037649170858869
User_11,Hospital,Simvastatin,Cardiovascular,169,24,0.9614610418457128
User_11,Hospital,Lisinopril,Cardiovascular,241,21,0.9906633565857075
User_11,Hospital,Amlodipine,Cardiovascular,213,9,0.8783187577685636
User_11,Hospital,Losartan,Cardiovascular,56,17,0.9464538842222323
User_11,Hospital,Furosemide,Cardiovascular,416,21,0.9456356930071281
User_11,Hospital,Hydrochlorothiazide,Cardiovascular,107,29,0.8337708119130245
User_11,Hospital,Spironolactone,Cardiovascular,479,8,0.9991373500473133
User_11,Hospital,Warfarin,Cardiovascular,148,19,0.9562629323384697
User_11,Hospital,Clopidogrel,Cardiovascular,320,29,0.947776229739969
User_11,Hospital,Dexamethasone,Immunosuppressant,124,26,0.9519841494017416
User_11,Hospital,Prednisone,Immunosuppressant,224,20,0.7690161049094302
User_11,Hospital,Hydrocortisone,Immunosuppressant,76,9,0.985259068675123
User_11,Hospital,Methotrexate,Immunosuppressant,285,27,0.9728573532843455
User_11,Hospital,Mycophenolate,Immunosuppressant,406,26,0.8192783193888382
User_11,Hospital,Levothyroxine,Endocrine,490,11,0.9951932943879485
User_11,Hospital,Propylthiouracil,Endocrine,306,12,0.7689863817673258
User_11,Hospital,Methimazole,Endocrine,494,9,0.7093402248653534
User_11,Hospital,Fluoxetine,Psychiatric,330,18,0.8688250859030148
User_11,Hospital,Sertraline,Psychiatric,257,14,0.7477737214837793
User_11,Hospital,Diazepam,Psychiatric,194,27,0.7460974114483337
User_11,Hospital,Lorazepam,Psychiatric,76,20,0.8591063181184768
User_11,Hospital,Alprazolam,Psychiatric,248,9,0.9390393483592082
User_11,Hospital,Haloperidol,Psychiatric,477,27,0.9735508104879733
User_11,Hospital,Risperidone,Psychiatric,427,9,0.7556376624029962
User_11,Hospital,Omeprazole,Gastrointestinal,64,20,0.879498179536728
User_11,Hospital,Ranitidine,Gastrointestinal,431,18,0.7742619866810125
User_11,Hospital,Pantoprazole,Gastrointestinal,58,12,0.7676620427331206
User_11,Hospital,Esomeprazole,Gastrointestinal,493,28,0.8745914205743196
User_11,Hospital,Lansoprazole,Gastrointestinal,166,8,0.9392677301911565
User_12,Hospital,Paracetamol,Painkiller,444,19,0.7448741928002697
User_12,Hospital,Ibuprofen,Painkiller,326,24,0.9041369879077976
User_12,Hospital,Aspirin,Painkiller,387,20,0.9924099555612069
User_12,Hospital,Naproxen,Painkiller,215,17,0.9084945658379627
User_12,Hospital,Ketoprofen,Painkiller,338,12,0.972345595895392
User_12,Hospital,Amoxicillin,Antibiotic,316,28,0.924748491730385
User_12,Hospital,Azithromycin,Antibiotic,90,23,0.7308377213477997
User_12,Hospital,Ciprofloxacin,Antibiotic,95,21,0.8496664460354069
User_12,Hospital,Doxycycline,Antibiotic,135,26,0.8038049702934519
User_12,Hospital,Clindamycin,Antibiotic,473,24,0.7979383924731975
User_12,Hospital,Oseltamivir,Antiviral,51,7,0.72635994974345
User_12,Hospital,Acyclovir,Antiviral,463,7,0.9473542140690502
User_12,Hospital,Remdesivir,Antiviral,203,28,0.7966284106658006
User_12,Hospital,Favipiravir,Antiviral,215,13,0.7602577269586882
User_12,Hospital,Zanamivir,Antiviral,171,24,0.9464322184029599
User_12,Hospital,Metformin,Diabetes,155,29,0.9011156375063236
User_12,Hospital,Insulin,Diabetes,409,17,0.7372659900184177
User_12,Hospital,Glipizide,Diabetes,172,12,0.8784329912130808
User_12,Hospital,Sitagliptin,Diabetes,122,13,0.8838832524596818
User_12,Hospital,Pioglitazone,Diabetes,90,24,0.9805605445898379
User_12,Hospital,Atorvastatin,Cardiovascular,377,24,0.8875913980641843
User_12,Hospital,Simvastatin,Cardiovascular,133,21,0.9444475341239537
User_12,Hospital,Lisinopril,Cardiovascular,56,17,0.9684449968181583
User_12,Hospital,Amlodipine,Cardiovascular,437,12,0.9451893309887481
User_12,Hospital,Losartan,Cardiovascular,459,9,0.7122262318277418
User_12,Hospital,Furosemide,Cardiovascular,237,16,0.8315821649468615
User_12,Hospital,Hydrochlorothiazide,Cardiovascular,61,29,0.8950882557620361
User_12,Hospital,Spironolactone,Cardiovascular,74,19,0.8847226065826728
User_12,Hospital,Warfarin,Cardiovascular,196,29,0.8410547778089995
User_12,Hospital,Clopidogrel,Cardiovascular,222,14,0.9615498336919364
User_12,Hospital,Dexamethasone,Immunosuppressant,358,29,0.7130984973122083
User_12,Hospital,Prednisone,Immunosuppressant,349,24,0.7062583417874614
User_12,Hospital,Hydrocortisone,Immunosuppressant,260,28,0.7996943876065327
User_12,Hospital,Methotrexate,Immunosuppressant,361,15,0.8479830540351398
User_12,Hospital,Mycophenolate,Immunosuppressant,461,16,0.8209784083371495
User_12,Hospital,Levothyroxine,Endocrine,494,28,0.7091957506617418
User_12,Hospital,Propylthiouracil,Endocrine,402,13,0.8387868870217949
User_12,Hospital,Methimazole,Endocrine,399,27,0.9181507209298924
User_12,Hospital,Fluoxetine,Psychiatric,494,26,0.8886294454617836
User_12,Hospital,Sertraline,Psychiatric,269,18,0.930317166420034
User_12,Hospital,Diazepam,Psychiatric,493,24,0.9601094488367345
User_12,Hospital,Lorazepam,Psychiatric,145,15,0.8315846257568771
User_12,Hospital,Alprazolam,Psychiatric,166,8,0.8460006824274109
User_12,Hospital,Haloperidol,Psychiatric,115,21,0.9702105592033776
User_12,Hospital,Risperidone,Psychiatric,311,13,0.7830483391705154
User_12,Hospital,Omeprazole,Gastrointestinal,420,28,0.8077453088998694
User_12,Hospital,Ranitidine,Gastrointestinal,180,19,0.8397438421060746
User_12,Hospital,Pantoprazole,Gastrointestinal,70,21,0.7707376281877629
User_12,Hospital,Esomeprazole,Gastrointestinal,331,14,0.821593054925723
User_12,Hospital,Lansoprazole,Gastrointestinal,136,16,0.7712629974771632
User_13,Hospital,Paracetamol,Painkiller,383,8,0.7542930858128469
User_13,Hospital,Ibuprofen,Painkiller,374,12,0.8476833569344104
User_13,Hospital,Aspirin,Painkiller,367,28,0.9612249703817535
User_13,Hospital,Naproxen,Painkiller,160,20,0.8544452061789071
User_13,Hospital,Ketoprofen,Painkiller,133,8,0.7285784523863879
User_13,Hospital,Amoxicillin,Antibiotic,194,8,0.9573958761768118
User_13,Hospital,Azithromycin,Antibiotic,310,7,0.9320419377059802
User_13,Hospital,Ciprofloxacin,Antibiotic,489,10,0.9909463135235634
User_13,Hospital,Doxycycline,Antibiotic,352,17,0.9651129008982258
User_13,Hospital,Clindamycin,Antibiotic,167,20,0.7992668088967515
User_13,Hospital,Oseltamivir,Antiviral,142,16,0.9008171204378084
User_13,Hospital,Acyclovir,Antiviral,410,7,0.8348301505641214
User_13,Hospital,Remdesivir,Antiviral,313,17,0.9845750064554302
User_13,Hospital,Favipiravir,Antiviral,362,28,0.7502857648864952
User_13,Hospital,Zanamivir,Antiviral,170,17,0.9209206045196922
User_13,Hospital,Metformin,Diabetes,253,11,0.9345370989535088
User_13,Hospital,Insulin,Diabetes,169,18,0.8339105939537756
User_13,Hospital,Glipizide,Diabetes,416,21,0.8674420748781588
User_13,Hospital,Sitagliptin,Diabetes,300,26,0.7809248834550968
User_13,Hospital,Pioglitazone,Diabetes,179,15,0.8593508584003096
User_13,Hospital,Atorvastatin,Cardiovascular,69,7,0.736632974203008
User_13,Hospital,Simvastatin,Cardiovascular,247,11,0.9801625052583715
User_13,Hospital,Lisinopril,Cardiovascular,374,7,0.8521704426065178
User_13,Hospital,Amlodipine,Cardiovascular,255,18,0.7445029602886266
User_13,Hospital,Losartan,Cardiovascular,230,24,0.9895356089308136
User_13,Hospital,Furosemide,Cardiovascular,348,8,0.7969391971210835
User_13,Hospital,Hydrochlorothiazide,Cardiovascular,334,13,0.8364219566901577
User_13,Hospital,Spironolactone,Cardiovascular,476,24,0.8027960464362746
User_13,Hospital,Warfarin,Cardiovascular,343,26,0.7377224535419946
User_13,Hospital,Clopidogrel,Cardiovascular,175,19,0.7430627086118178
User_13,Hospital,Dexamethasone,Immunosuppressant,483,16,0.9198696755024025
User_13,Hospital,Prednisone,Immunosuppressant,57,24,0.7565047251296804
User_13,Hospital,Hydrocortisone,Immunosuppressant,313,12,0.9604426763132516
User_13,Hospital,Methotrexate,Immunosuppressant,135,21,0.9077877856678493
User_13,Hospital,Mycophenolate,Immunosuppressant,360,29,0.983384265842207
User_13,Hospital,Levothyroxine,Endocrine,463,24,0.7732441871267123
User_13,Hospital,Propylthiouracil,Endocrine,75,14,0.959382650786511
User_13,Hospital,Methimazole,Endocrine,418,18,0.7339329457229719
User_13,Hospital,Fluoxetine,Psychiatric,394,20,0.9756033390980513
User_13,Hospital,Sertraline,Psychiatric,50,25,0.9822626069014195
User_13,Hospital,Diazepam,Psychiatric,191,27,0.9000914550972722
User_13,Hospital,Lorazepam,Psychiatric,410,8,0.9998241177312
User_13,Hospital,Alprazolam,Psychiatric,112,15,0.9599316002582936
User_13,Hospital,Haloperidol,Psychiatric,138,22,0.9257283287846718
User_13,Hospital,Risperidone,Psychiatric,294,19,0.7866056786591914
User_13,Hospital,Omeprazole,Gastrointestinal,373,8,0.8212420964953099
User_13,Hospital,Ranitidine,Gastrointestinal,181,12,0.8314517039235962
User_13,Hospital,Pantoprazole,Gastrointestinal,131,19,0.9393440946575904
User_13,Hospital,Esomeprazole,Gastrointestinal,388,19,0.9453502648525065
User_13,Hospital,Lansoprazole,Gastrointestinal,393,28,0.8947223976383178
User_14,Hospital,Paracetamol,Painkiller,262,21,0.8890626244987432
User_14,Hospital,Ibuprofen,Painkiller,248,21,0.9086401620069586
User_14,Hospital,Aspirin,Painkiller,365,7,0.7712632392622982
User_14,Hospital,Naproxen,Painkiller,340,18,0.7044001171138791
User_14,Hospital,Ketoprofen,Painkiller,316,9,0.7505333155428159
User_14,Hospital,Amoxicillin,Antibiotic,379,8,0.8390482131401718
User_14,Hospital,Azithromycin,Antibiotic,52,27,0.9590000948715476
User_14,Hospital,Ciprofloxacin,Antibiotic,353,8,0.8437545632889193
User_14,Hospital,Doxycycline,Antibiotic,166,18,0.7446975567910584
User_14,Hospital,Clindamycin,Antibiotic,353,11,0.7738208976393994
User_14,Hospital,Oseltamivir,Antiviral,277,21,0.818309597145505
User_14,Hospital,Acyclovir,Antiviral,392,12,0.9240627148407468
User_14,Hospital,Remdesivir,Antiviral,413,17,0.7054697748029084
User_14,Hospital,Favipiravir,Antiviral,456,17,0.7022688624934426
User_14,Hospital,Zanamivir,Antiviral,352,27,0.969409164684996
User_14,Hospital,Metformin,Diabetes,330,10,0.978110363438892
User_14,Hospital,Insulin,Diabetes,320,10,0.9803308080416543
User_14,Hospital,Glipizide,Diabetes,324,8,0.7498994823229426
User_14,Hospital,Sitagliptin,Diabetes,422,26,0.9010288103832825
User_14,Hospital,Pioglitazone,Diabetes,206,21,0.8596780640017121
User_14,Hospital,Atorvastatin,Cardiovascular,185,22,0.7268879017464825
User_14,Hospital,Simvastatin,Cardiovascular,207,24,0.8199715620412469
User_14,Hospital,Lisinopril,Cardiovascular,126,10,0.9469522046786981
User_14,Hospital,Amlodipine,Cardiovascular,399,17,0.7369667962516497
User_14,Hospital,Losartan,Cardiovascular,157,16,0.9399343286272065
User_14,Hospital,Furosemide,Cardiovascular,208,13,0.788583486766093
User_14,Hospital,Hydrochlorothiazide,Cardiovascular,290,16,0.7555685339642229
User_14,Hospital,Spironolactone,Cardiovascular,489,10,0.8273582275589085
User_14,Hospital,Warfarin,Cardiovascular,423,13,0.9447245930512842
User_14,Hospital,Clopidogrel,Cardiovascular,221,19,0.8899454126782067
User_14,Hospital,Dexamethasone,Immunosuppressant,428,19,0.8804835460438993
User_14,Hospital,Prednisone,Immunosuppressant,167,27,0.9652619390045223
User_14,Hospital,Hydrocortisone,Immunosuppressant,442,15,0.8939817740268581
User_14,Hospital,Methotrexate,Immunosuppressant,427,16,0.9700069370194033
User_14,Hospital,Mycophenolate,Immunosuppressant,257,23,0.7710611676923446
User_14,Hospital,Levothyroxine,Endocrine,342,10,0.7824418106644409
User_14,Hospital,Propylthiouracil,Endocrine,68,10,0.8271214760946288
User_14,Hospital,Methimazole,Endocrine,251,24,0.9299968405601218
User_14,Hospital,Fluoxetine,Psychiatric,488,24,0.7458951402485687
User_14,Hospital,Sertraline,Psychiatric,98,9,0.9607778873953158
User_14,Hospital,Diazepam,Psychiatric,210,29,0.8606074305527982
User_14,Hospital,Lorazepam,Psychiatric,199,22,0.7936815358146387
User_14,Hospital,Alprazolam,Psychiatric,468,13,0.864009223814221
User_14,Hospital,Haloperidol,Psychiatric,187,15,0.8172717987716543
User_14,Hospital,Risperidone,Psychiatric,490,8,0.7823620762000376
User_14,Hospital,Omeprazole,Gastrointestinal,312,27,0.9027523735262127
User_14,Hospital,Ranitidine,Gastrointestinal,91,28,0.8337372743731687
User_14,Hospital,Pantoprazole,Gastrointestinal,474,23,0.7047463275296747
User_14,Hospital,Esomeprazole,Gastrointestinal,329,20,0.7312328948152499
User_14,Hospital,Lansoprazole,Gastrointestinal,267,12,0.8735160751019228
User_15,Apotics,Paracetamol,Painkiller,216,19,0.7238258106966959
User_15,Apotics,Ibuprofen,Painkiller,281,11,0.9682572623992355
User_15,Apotics,Aspirin,Painkiller,436,15,0.7970114686346562
User_15,Apotics,Naproxen,Painkiller,428,12,0.8064988917495812
User_15,Apotics,Ketoprofen,Painkiller,245,19,0.855717937272481
User_15,Apotics,Amoxicillin,Antibiotic,179,11,0.7209794817128302
User_15,Apotics,Azithromycin,Antibiotic,209,27,0.7813442309500555
User_15,Apotics,Ciprofloxacin,Antibiotic,249,24,0.9040395793310354
User_15,Apotics,Doxycycline,Antibiotic,349,9,0.7570974588457203
User_15,Apotics,Clindamycin,Antibiotic,179,29,0.8135429270457607
User_15,Apotics,Oseltamivir,Antiviral,151,23,0.998644147211277
User_15,Apotics,Acyclovir,Antiviral,335,26,0.7180427027802355
User_15,Apotics,Remdesivir,Antiviral,349,10,0.9884997207864439
User_15,Apotics,Favipiravir,Antiviral,336,21,0.7602801065977169
User_15,Apotics,Zanamivir,Antiviral,257,16,0.7290029348940158
User_15,Apotics,Metformin,Diabetes,170,29,0.9268489986685738
User_15,Apotics,Insulin,Diabetes,194,22,0.8994735173461654
User_15,Apotics,Glipizide,Diabetes,52,22,0.8147578840732025
User_15,Apotics,Sitagliptin,Diabetes,328,25,0.7457248039991252
User_15,Apotics,Pioglitazone,Diabetes,54,26,0.9781002903772886
User_15,Apotics,Atorvastatin,Cardiovascular,413,7,0.9526099883129264
User_15,Apotics,Simvastatin,Cardiovascular,198,26,0.8870757064008279
User_15,Apotics,Lisinopril,Cardiovascular,280,7,0.8825459237979374
User_15,Apotics,Amlodipine,Cardiovascular,87,26,0.9126234093228929
User_15,Apotics,Losartan,Cardiovascular,191,10,0.7909385067835986
User_15,Apotics,Furosemide,Cardiovascular,163,19,0.8080409222414557
User_15,Apotics,Hydrochlorothiazide,Cardiovascular,390,8,0.9810873469093189
User_15,Apotics,Spironolactone,Cardiovascular,498,17,0.947585832469869
User_15,Apotics,Warfarin,Cardiovascular,239,29,0.9827161057306699
User_15,Apotics,Clopidogrel,Cardiovascular,360,12,0.9758175919643253
User_15,Apotics,Dexamethasone,Immunosuppressant,476,21,0.9976474044469938
User_15,Apotics,Prednisone,Immunosuppressant,150,26,0.7625531543072007
User_15,Apotics,Hydrocortisone,Immunosuppressant,288,23,0.7349099193656428
User_15,Apotics,Methotrexate,Immunosuppressant,131,19,0.814186988042974
User_15,Apotics,Mycophenolate,Immunosuppressant,265,16,0.9604170070322351
User_15,Apotics,Levothyroxine,Endocrine,183,9,0.9370091308921185
User_15,Apotics,Propylthiouracil,Endocrine,485,20,0.7242757849153756
User_15,Apotics,Methimazole,Endocrine,454,9,0.7520573544959526
User_15,Apotics,Fluoxetine,Psychiatric,179,9,0.8038299179613356
User_15,Apotics,Sertraline,Psychiatric,325,24,0.8922916232035996
User_15,Apotics,Diazepam,Psychiatric,74,8,0.7397574018225545
User_15,Apotics,Lorazepam,Psychiatric,359,7,0.9768271571540184
User_15,Apotics,Alprazolam,Psychiatric,319,7,0.8818758813252932
User_15,Apotics,Haloperidol,Psychiatric,359,20,0.7524515881781237
User_15,Apotics,Risperidone,Psychiatric,436,9,0.8195989083316939
User_15,Apotics,Omeprazole,Gastrointestinal,74,19,0.8102603266874594
User_15,Apotics,Ranitidine,Gastrointestinal,441,27,0.7077435720848461
User_15,Apotics,Pantoprazole,Gastrointestinal,74,21,0.9889345334767521
User_15,Apotics,Esomeprazole,Gastrointestinal,493,18,0.989746648345966
User_15,Apotics,Lansoprazole,Gastrointestinal,145,19,0.9809347521650982
User_16,Hospital,Paracetamol,Painkiller,69,24,0.7833257871247783
User_16,Hospital,Ibuprofen,Painkiller,496,12,0.7000997518361468
User_16,Hospital,Aspirin,Painkiller,92,8,0.895060327719446
User_16,Hospital,Naproxen,Painkiller,336,25,0.8693323272036647
User_16,Hospital,Ketoprofen,Painkiller,467,16,0.7635266051996434
User_16,Hospital,Amoxicillin,Antibiotic,431,17,0.9262760633031589
User_16,Hospital,Azithromycin,Antibiotic,464,21,0.9951036775790241
User_16,Hospital,Ciprofloxacin,Antibiotic,132,15,0.7426748106061588
User_16,Hospital,Doxycycline,Antibiotic,378,20,0.730313743303194
User_16,Hospital,Clindamycin,Antibiotic,129,22,0.7186875394390188
User_16,Hospital,Oseltamivir,Antiviral,309,10,0.9990090561558931
User_16,Hospital,Acyclovir,Antiviral,322,11,0.8845658314693032
User_16,Hospital,Remdesivir,Antiviral,357,26,0.8967171017684968
User_16,Hospital,Favipiravir,Antiviral,471,13,0.9172952409029984
User_16,Hospital,Zanamivir,Antiviral,165,9,0.8103278052631868
User_16,Hospital,Metformin,Diabetes,141,28,0.9482613686700623
User_16,Hospital,Insulin,Diabetes,278,28,0.9891466826447053
User_16,Hospital,Glipizide,Diabetes,232,8,0.7401411208838465
User_16,Hospital,Sitagliptin,Diabetes,454,28,0.9371013207580444
User_16,Hospital,Pioglitazone,Diabetes,198,16,0.9042924481714734
User_16,Hospital,Atorvastatin,Cardiovascular,425,13,0.8856844579023164
User_16,Hospital,Simvastatin,Cardiovascular,62,27,0.9502910097864302
User_16,Hospital,Lisinopril,Cardiovascular,262,27,0.9404611335648969
User_16,Hospital,Amlodipine,Cardiovascular,222,10,0.8114225702950422
User_16,Hospital,Losartan,Cardiovascular,237,17,0.8363132003679883
User_16,Hospital,Furosemide,Cardiovascular,357,29,0.7447713333850527
User_16,Hospital,Hydrochlorothiazide,Cardiovascular,245,8,0.797402778067018
User_16,Hospital,Spironolactone,Cardiovascular,301,24,0.84280543881063
User_16,Hospital,Warfarin,Cardiovascular,282,26,0.9578695694940838
User_16,Hospital,Clopidogrel,Cardiovascular,91,27,0.9868666571946845
User_16,Hospital,Dexamethasone,Immunosuppressant,162,15,0.7306448588972614
User_16,Hospital,Prednisone,Immunosuppressant,169,15,0.9828493424239786
User_16,Hospital,Hydrocortisone,Immunosuppressant,179,22,0.7764011866138153
User_16,Hospital,Methotrexate,Immunosuppressant,59,24,0.7115279046886974
User_16,Hospital,Mycophenolate,Immunosuppressant,493,14,0.8384432393874202
User_16,Hospital,Levothyroxine,Endocrine,252,29,0.8978061766617348
User_16,Hospital,Propylthiouracil,Endocrine,492,28,0.8910009046501621
User_16,Hospital,Methimazole,Endocrine,128,23,0.719995612168207
User_16,Hospital,Fluoxetine,Psychiatric,393,19,0.7450507002451124
User_16,Hospital,Sertraline,Psychiatric,465,18,0.8536665762438023
User_16,Hospital,Diazepam,Psychiatric,150,14,0.7125018701807152
User_16,Hospital,Lorazepam,Psychiatric,136,17,0.8977106602611042
User_16,Hospital,Alprazolam,Psychiatric,484,9,0.7036325425704661
User_16,Hospital,Haloperidol,Psychiatric,182,26,0.9212525078377021
User_16,Hospital,Risperidone,Psychiatric,363,20,0.9974765226610822
User_16,Hospital,Omeprazole,Gastrointestinal,485,21,0.9826946169019579
User_16,Hospital,Ranitidine,Gastrointestinal,77,25,0.7522328006002252
User_16,Hospital,Pantoprazole,Gastrointestinal,310,11,0.8980908159104014
User_16,Hospital,Esomeprazole,Gastrointestinal,401,14,0.7795139284975012
User_16,Hospital,Lansoprazole,Gastrointestinal,87,21,0.7246515002429281
User_17,Apotics,Paracetamol,Painkiller,269,23,0.7886334332432261
User_17,Apotics,Ibuprofen,Painkiller,305,14,0.8873990706562791
User_17,Apotics,Aspirin,Painkiller,499,21,0.7617061786586665
User_17,Apotics,Naproxen,Painkiller,98,10,0.88450389041166
User_17,Apotics,Ketoprofen,Painkiller,127,15,0.8931712760623391
User_17,Apotics,Amoxicillin,Antibiotic,427,29,0.7125853670294908
User_17,Apotics,Azithromycin,Antibiotic,419,16,0.9396142574963724
User_17,Apotics,Ciprofloxacin,Antibiotic,189,14,0.7341869904142951
User_17,Apotics,Doxycycline,Antibiotic,318,27,0.9760891543658223
User_17,Apotics,Clindamycin,Antibiotic,449,8,0.7384287239098599
User_17,Apotics,Oseltamivir,Antiviral,320,23,0.9784250920978149
User_17,Apotics,Acyclovir,Antiviral,232,15,0.811650107151254
User_17,Apotics,Remdesivir,Antiviral,364,20,0.8318214969083356
User_17,Apotics,Favipiravir,Antiviral,163,28,0.782137392254232
User_17,Apotics,Zanamivir,Antiviral,262,18,0.7592411469579812
User_17,Apotics,Metformin,Diabetes,223,23,0.8937432437965618
User_17,Apotics,Insulin,Diabetes,171,29,0.9637805979993515
User_17,Apotics,Glipizide,Diabetes,317,15,0.8632049737548255
User_17,Apotics,Sitagliptin,Diabetes,198,19,0.7663190114361185
User_17,Apotics,Pioglitazone,Diabetes,175,14,0.9244575717936993
User_17,Apotics,Atorvastatin,Cardiovascular,287,13,0.7541783794525903
User_17,Apotics,Simvastatin,Cardiovascular,273,17,0.796017949756295
User_17,Apotics,Lisinopril,Cardiovascular,199,17,0.7807993894906075
User_17,Apotics,Amlodipine,Cardiovascular,397,19,0.7494444447188311
User_17,Apotics,Losartan,Cardiovascular,78,27,0.9177939729955886
User_17,Apotics,Furosemide,Cardiovascular,332,24,0.7640534098932016
User_17,Apotics,Hydrochlorothiazide,Cardiovascular,456,18,0.9198404634298751
User_17,Apotics,Spironolactone,Cardiovascular,220,11,0.8771043071376319
User_17,Apotics,Warfarin,Cardiovascular,233,9,0.7892645353956461
User_17,Apotics,Clopidogrel,Cardiovascular,68,29,0.9066655906150272
User_17,Apotics,Dexamethasone,Immunosuppressant,344,18,0.8908874061937744
User_17,Apotics,Prednisone,Immunosuppressant,177,11,0.7480214904863719
User_17,Apotics,Hydrocortisone,Immunosuppressant,411,22,0.9435256650597129
User_17,Apotics,Methotrexate,Immunosuppressant,413,11,0.9644352339025064
User_17,Apotics,Mycophenolate,Immunosuppressant,437,14,0.7581861601803325
User_17,Apotics,Levothyroxine,Endocrine,369,16,0.8972680938334069
User_17,Apotics,Propylthiouracil,Endocrine,59,27,0.9199213888089024
User_17,Apotics,Methimazole,Endocrine,280,8,0.8066153706057217
User_17,Apotics,Fluoxetine,Psychiatric,62,15,0.866267954239605
User_17,Apotics,Sertraline,Psychiatric,135,16,0.9282972280084282
User_17,Apotics,Diazepam,Psychiatric,103,18,0.9237201348193697
User_17,Apotics,Lorazepam,Psychiatric,63,8,0.9276029170333014
User_17,Apotics,Alprazolam,Psychiatric,69,17,0.9268793973674357
User_17,Apotics,Haloperidol,Psychiatric,272,29,0.8410957162305357
User_17,Apotics,Risperidone,Psychiatric,260,11,0.7374142170734171
User_17,Apotics,Omeprazole,Gastrointestinal,160,10,0.9166212814608211
User_17,Apotics,Ranitidine,Gastrointestinal,73,28,0.8779133002560352
User_17,Apotics,Pantoprazole,Gastrointestinal,342,12,0.8237865522545871
User_17,Apotics,Esomeprazole,Gastrointestinal,408,27,0.7087214141031861
User_17,Apotics,Lansoprazole,Gastrointestinal,479,10,0.7543957839776515
User_18,Apotics,Paracetamol,Painkiller,478,26,0.8206981374059668
User_18,Apotics,Ibuprofen,Painkiller,120,10,0.8530329137496475
User_18,Apotics,Aspirin,Painkiller,52,11,0.8739951362284394
User_18,Apotics,Naproxen,Painkiller,104,26,0.8681980283248513
User_18,Apotics,Ketoprofen,Painkiller,303,8,0.8798106896988801
User_18,Apotics,Amoxicillin,Antibiotic,452,25,0.8494767046790361
User_18,Apotics,Azithromycin,Antibiotic,415,25,0.7175652787731938
User_18,Apotics,Ciprofloxacin,Antibiotic,158,18,0.9354690931334403
User_18,Apotics,Doxycycline,Antibiotic,166,10,0.8551807169324828
User_18,Apotics,Clindamycin,Antibiotic,481,19,0.7442357580118851
User_18,Apotics,Oseltamivir,Antiviral,232,23,0.8302058098521625
User_18,Apotics,Acyclovir,Antiviral,195,26,0.7187626680692105
User_18,Apotics,Remdesivir,Antiviral,300,21,0.9995042534178848
User_18,Apotics,Favipiravir,Antiviral,167,19,0.7520440222797872
User_18,Apotics,Zanamivir,Antiviral,247,10,0.8488499152339658
User_18,Apotics,Metformin,Diabetes,96,21,0.8229714669088865
User_18,Apotics,Insulin,Diabetes,127,17,0.9219959160056835
User_18,Apotics,Glipizide,Diabetes,139,22,0.7608809102724706
User_18,Apotics,Sitagliptin,Diabetes,110,16,0.8003533866225796
User_18,Apotics,Pioglitazone,Diabetes,156,23,0.8757430437915705
User_18,Apotics,Atorvastatin,Cardiovascular,167,19,0.9093011882560225
User_18,Apotics,Simvastatin,Cardiovascular,414,25,0.9822037735346021
User_18,Apotics,Lisinopril,Cardiovascular,475,9,0.8288970438216805
User_18,Apotics,Amlodipine,Cardiovascular,118,11,0.8442718002259209
User_18,Apotics,Losartan,Cardiovascular,454,16,0.9812059882647594
User_18,Apotics,Furosemide,Cardiovascular,405,12,0.8893511937870119
User_18,Apotics,Hydrochlorothiazide,Cardiovascular,175,13,0.9711739990781124
User_18,Apotics,Spironolactone,Cardiovascular,468,7,0.9340639190290307
User_18,Apotics,Warfarin,Cardiovascular,149,12,0.717184075323287
User_18,Apotics,Clopidogrel,Cardiovascular,223,18,0.7406062246833056
User_18,Apotics,Dexamethasone,Immunosuppressant,80,26,0.8970865468801419
User_18,Apotics,Prednisone,Immunosuppressant,85,27,0.7206874049069263
User_18,Apotics,Hydrocortisone,Immunosuppressant,413,16,0.78465612240796
User_18,Apotics,Methotrexate,Immunosuppressant,269,13,0.7740936397216
User_18,Apotics,Mycophenolate,Immunosuppressant,269,20,0.7748638599548519
User_18,Apotics,Levothyroxine,Endocrine,385,22,0.9278194787253891
User_18,Apotics,Propylthiouracil,Endocrine,155,19,0.7804417060286539
User_18,Apotics,Methimazole,Endocrine,378,19,0.9559268870210951
User_18,Apotics,Fluoxetine,Psychiatric,156,26,0.8859098320598247
User_18,Apotics,Sertraline,Psychiatric,412,27,0.8597262046825651
User_18,Apotics,Diazepam,Psychiatric,466,13,0.7259273832287639
User_18,Apotics,Lorazepam,Psychiatric,448,24,0.9197346195514269
User_18,Apotics,Alprazolam,Psychiatric,252,26,0.7383964625600759
User_18,Apotics,Haloperidol,Psychiatric,481,13,0.8180343539690774
User_18,Apotics,Risperidone,Psychiatric,203,18,0.9363139046583127
User_18,Apotics,Omeprazole,Gastrointestinal,191,11,0.994389127149174
User_18,Apotics,Ranitidine,Gastrointestinal,131,11,0.8962523804422223
User_18,Apotics,Pantoprazole,Gastrointestinal,267,11,0.8695990763714829
User_18,Apotics,Esomeprazole,Gastrointestinal,452,25,0.9916015988894611
User_18,Apotics,Lansoprazole,Gastrointestinal,433,18,0.8048519116260456
User_19,Apotics,Paracetamol,Painkiller,474,7,0.7453740486204803
User_19,Apotics,Ibuprofen,Painkiller,245,16,0.7266520735262693
User_19,Apotics,Aspirin,Painkiller,135,29,0.8635316584782099
User_19,Apotics,Naproxen,Painkiller,201,8,0.8211933628979644
User_19,Apotics,Ketoprofen,Painkiller,92,15,0.9375099965360054
User_19,Apotics,Amoxicillin,Antibiotic,226,23,0.8838700482585847
User_19,Apotics,Azithromycin,Antibiotic,247,8,0.8454088861390141
User_19,Apotics,Ciprofloxacin,Antibiotic,390,11,0.9837094441000847
User_19,Apotics,Doxycycline,Antibiotic,161,8,0.7292687530717898
User_19,Apotics,Clindamycin,Antibiotic,193,22,0.8380486793465318
User_19,Apotics,Oseltamivir,Antiviral,216,28,0.7871762679419065
User_19,Apotics,Acyclovir,Antiviral,473,12,0.9419210851698518
User_19,Apotics,Remdesivir,Antiviral,187,9,0.7155869732662805
User_19,Apotics,Favipiravir,Antiviral,368,23,0.7604091346407923
User_19,Apotics,Zanamivir,Antiviral,440,27,0.7494119060296888
User_19,Apotics,Metformin,Diabetes,432,10,0.9270254517065906
User_19,Apotics,Insulin,Diabetes,263,21,0.7614643822452137
User_19,Apotics,Glipizide,Diabetes,262,21,0.9638745564854587
User_19,Apotics,Sitagliptin,Diabetes,141,20,0.7716388634144618
User_19,Apotics,Pioglitazone,Diabetes,217,23,0.7081502263676679
User_19,Apotics,Atorvastatin,Cardiovascular,458,9,0.972766061758468
User_19,Apotics,Simvastatin,Cardiovascular,146,16,0.849343752410287
User_19,Apotics,Lisinopril,Cardiovascular,311,13,0.8970340314172882
User_19,Apotics,Amlodipine,Cardiovascular,138,24,0.7280223915925886
User_19,Apotics,Losartan,Cardiovascular,246,25,0.7586827819133545
User_19,Apotics,Furosemide,Cardiovascular,317,16,0.7282108313302799
User_19,Apotics,Hydrochlorothiazide,Cardiovascular,346,10,0.7829325071750188
User_19,Apotics,Spironolactone,Cardiovascular,121,29,0.8928023973017271
User_19,Apotics,Warfarin,Cardiovascular,448,22,0.9690873791270602
User_19,Apotics,Clopidogrel,Cardiovascular,259,16,0.8342808820960651
User_19,Apotics,Dexamethasone,Immunosuppressant,317,8,0.795028503120258
User_19,Apotics,Prednisone,Immunosuppressant,436,19,0.9718429764297299
User_19,Apotics,Hydrocortisone,Immunosuppressant,163,17,0.9950564418145667
User_19,Apotics,Methotrexate,Immunosuppressant,466,7,0.7100150805359143
User_19,Apotics,Mycophenolate,Immunosuppressant,57,11,0.9197905704102498
User_19,Apotics,Levothyroxine,Endocrine,225,17,0.7939485984451846
User_19,Apotics,Propylthiouracil,Endocrine,415,28,0.9570621808225281
User_19,Apotics,Methimazole,Endocrine,186,18,0.9219190996256622
User_19,Apotics,Fluoxetine,Psychiatric,424,22,0.9965247968236229
User_19,Apotics,Sertraline,Psychiatric,158,29,0.7367301695076822
User_19,Apotics,Diazepam,Psychiatric,207,19,0.7969033595158641
User_19,Apotics,Lorazepam,Psychiatric,461,12,0.9939347373563565
User_19,Apotics,Alprazolam,Psychiatric,108,29,0.7389479346855152
User_19,Apotics,Haloperidol,Psychiatric,374,9,0.8582198866368029
User_19,Apotics,Risperidone,Psychiatric,330,26,0.9670774159053406
User_19,Apotics,Omeprazole,Gastrointestinal,431,11,0.992037216992852
User_19,Apotics,Ranitidine,Gastrointestinal,314,26,0.9754623998868326
User_19,Apotics,Pantoprazole,Gastrointestinal,183,25,0.9278747230343896
User_19,Apotics,Esomeprazole,Gastrointestinal,426,17,0.9703888032323946
User_19,Apotics,Lansoprazole,Gastrointestinal,413,18,0.7942182384978196
User_20,Hospital,Paracetamol,Painkiller,265,8,0.9457765314614384
User_20,Hospital,Ibuprofen,Painkiller,125,22,0.9136042060992342
User_20,Hospital,Aspirin,Painkiller,297,7,0.7719622338267834
User_20,Hospital,Naproxen,Painkiller,229,8,0.8043824234746499
User_20,Hospital,Ketoprofen,Painkiller,480,24,0.9246479010889919
User_20,Hospital,Amoxicillin,Antibiotic,490,29,0.8862785702435293
User_20,Hospital,Azithromycin,Antibiotic,199,23,0.9524342659254279
User_20,Hospital,Ciprofloxacin,Antibiotic,188,21,0.7761924623716074
User_20,Hospital,Doxycycline,Antibiotic,338,26,0.921788420549432
User_20,Hospital,Clindamycin,Antibiotic,467,8,0.7944758765838903
User_20,Hospital,Oseltamivir,Antiviral,297,21,0.7524644311527878
User_20,Hospital,Acyclovir,Antiviral,250,26,0.7681538671070545
User_20,Hospital,Remdesivir,Antiviral,296,29,0.7231234035854381
User_20,Hospital,Favipiravir,Antiviral,116,10,0.9599159542754025
User_20,Hospital,Zanamivir,Antiviral,352,12,0.8081133459791042
User_20,Hospital,Metformin,Diabetes,70,9,0.9289465873776668
User_20,Hospital,Insulin,Diabetes,486,20,0.9277746199182528
User_20,Hospital,Glipizide,Diabetes,450,13,0.9422188091019854
User_20,Hospital,Sitagliptin,Diabetes,301,19,0.9696542164540742
User_20,Hospital,Pioglitazone,Diabetes,164,7,0.9622680172415055
User_20,Hospital,Atorvastatin,Cardiovascular,268,29,0.7507243211067978
User_20,Hospital,Simvastatin,Cardiovascular,403,20,0.8381074813605779
User_20,Hospital,Lisinopril,Cardiovascular,149,27,0.8639944660563366
User_20,Hospital,Amlodipine,Cardiovascular,84,25,0.9930400985531977
User_20,Hospital,Losartan,Cardiovascular,383,26,0.7054000266835645
User_20,Hospital,Furosemide,Cardiovascular,473,20,0.9754229656597452
User_20,Hospital,Hydrochlorothiazide,Cardiovascular,264,28,0.9575025030397363
User_20,Hospital,Spironolactone,Cardiovascular,132,20,0.9732310484931745
User_20,Hospital,Warfarin,Cardiovascular,475,25,0.9414720330524315
User_20,Hospital,Clopidogrel,Cardiovascular,222,13,0.8864033491760589
User_20,Hospital,Dexamethasone,Immunosuppressant,122,29,0.8598027660284665
User_20,Hospital,Prednisone,Immunosuppressant,324,21,0.8349526623917678
User_20,Hospital,Hydrocortisone,Immunosuppressant,169,12,0.7360741679535027
User_20,Hospital,Methotrexate,Immunosuppressant,213,14,0.77899473512596
User_20,Hospital,Mycophenolate,Immunosuppressant,314,7,0.8406303896393517
User_20,Hospital,Levothyroxine,Endocrine,138,20,0.8795072452893277
User_20,Hospital,Propylthiouracil,Endocrine,276,15,0.7899757334520954
User_20,Hospital,Methimazole,Endocrine,271,15,0.714442850793506
User_20,Hospital,Fluoxetine,Psychiatric,117,14,0.9631785288478538
User_20,Hospital,Sertraline,Psychiatric,174,20,0.8021217530048694
User_20,Hospital,Diazepam,Psychiatric,169,29,0.8593949561704177
User_20,Hospital,Lorazepam,Psychiatric,111,23,0.7855871015071949
User_20,Hospital,Alprazolam,Psychiatric,317,9,0.7803330026465002
User_20,Hospital,Haloperidol,Psychiatric,99,27,0.8564337067130768
User_20,Hospital,Risperidone,Psychiatric,374,22,0.949412054315713
User_20,Hospital,Omeprazole,Gastrointestinal,221,7,0.9212697247278481
User_20,Hospital,Ranitidine,Gastrointestinal,250,15,0.9007600788814235
User_20,Hospital,Pantoprazole,Gastrointestinal,265,7,0.7075425874831818
User_20,Hospital,Esomeprazole,Gastrointestinal,392,21,0.7246621191135345
User_20,Hospital,Lansoprazole,Gastrointestinal,487,18,0.8393299708676628
